Farm,Year,Mgmt,Field,MF,Plot,Subsample,Depth Fraction,Core_Length,Lab,Tot_Wt,Plant_Wt,Rock_Wt,BD_pre,BD
ORG,2016,G,1,G1,C,1,15,14,ORG-G-1-C-1-15,0.85,248.37,1.8,0.528741105,0.53
ORG,2016,G,1,G1,B,3,15,15,ORG-G-1-B-3-15,1.3,330.98,227.99,0.609659659,0.61
ORG,2016,G,1,G1,B,4,15,15,ORG-G-1-B-4-15,1.15,316.52,20.96,0.668475859,0.67
FRF,2016,G,1,G1,C,2,15,15,FRF-G-1-C-2-15,1.1,206.13,53.74,0.69,0.69
ORG,2016,G,1,G1,C,4,15,15,ORG-G-1-C-4-15,1.13,225.81,48.65,0.703869242,0.7
ORG,2016,H,3,H3,C,4,15,15,ORG-H-3-C-4-15,1.03,132.46,30.13,0.71363492,0.71
WNF,2016,G,1,G1,A,4,15,15,WNF-G-1-A-4-15,1.34,181.95,282.47,0.72,0.72
WNF,2016,H,3,H3,B,4,15,15,WNF-H-3-B-4-15,1.11,173.56,0,0.77,0.77
ORG,2016,G,1,G1,A,2,15,15,ORG-G-1-A-2-15,1.09,138.09,6.01,0.778210155,0.78
ORG,2016,G,1,G1,B,5,15,15,ORG-G-1-B-5-15,1.14,146.96,46.54,0.778703787,0.78
ORG,2016,G,1,G1,A,3,15,15,ORG-G-1-A-3-15,1.16,159.73,38.18,0.79152998,0.79
WNF,2016,G,1,G1,B,1,15,15,WNF-G-1-B-1-15,1.27,268.34,20.16,0.81,0.81
FRF,2016,G,1,G1,B,2,15,15,FRF-G-1-B-2-15,1.15,139.6,22.86,0.81,0.81
ORG,2016,G,1,G1,B,2,15,15,ORG-G-1-B-2-15,1.3,277.35,25.98,0.819979612,0.82
ORG,2016,G,1,G1,B,1,15,15,ORG-G-1-B-1-15,1.08,75.16,0,0.826701229,0.83
FRF,2016,H,4,H4,C,5,15,15,FRF-H-4-C-5-15,1.08,57.1,6.94,0.84,0.84
WNF,2016,H,4,H4,B,4,15,15,WNF-H-4-B-4-15,1.22,201.38,1.24,0.84,0.84
WNF,2016,H,4,H4,C,4,15,15,WNF-H-4-C-4-15,1.36,329.72,0,0.85,0.85
WNF,2016,H,3,H3,A,3,15,15,WNF-H-3-A-3-15,1.38,341.33,0,0.85,0.85
FRF,2016,G,1,G1,C,3,15,15,FRF-G-1-C-3-15,1.28,198.43,40.99,0.86,0.86
ORG,2016,G,2,G2,A,4,15,15,ORG-G-2-A-4-15,1.29,132.58,116.06,0.856746936,0.86
ORG,2016,G,1,G1,C,2,15,15,ORG-G-1-C-2-15,1.27,222.41,5.88,0.857034888,0.86
WNF,2016,H,4,H4,B,1,15,15,WNF-H-4-B-1-15,1.33,286.96,0,0.86,0.86
ORG,2016,G,1,G1,C,3,15,15,ORG-G-1-C-3-15,1.17,105.49,19.04,0.860128313,0.86
WNF,2016,G,2,G2,A,2,15,15,WNF-G-2-A-2-15,1.28,226.61,6.65,0.86,0.86
FRF,2016,G,2,G2,C,5,15,15,FRF-G-2-C-5-15,1.21,138.32,24.67,0.86,0.86
ORG,2016,G,1,G1,A,5,15,14,ORG-G-1-A-5-15,1.22,211.92,30.86,0.861404703,0.86
WNF,2016,G,2,G2,B,1,15,15,WNF-G-2-B-1-15,1.23,180.62,0,0.86,0.86
WNF,2016,G,1,G1,B,4,15,15,WNF-G-1-B-4-15,1.4,348.35,0,0.87,0.87
FRF,2016,G,1,G1,C,5,15,15,FRF-G-1-C-5-15,1.16,89.79,14.16,0.87,0.87
ORG,2016,H,4,H4,B,2,15,15,ORG-H-4-B-2-15,1.13,33.95,27.22,0.879347035,0.88
WNF,2016,G,2,G2,C,3,15,15,WNF-G-2-C-3-15,1.2,125.38,2.82,0.88,0.88
WNF,2016,G,2,G2,A,3,15,15,WNF-G-2-A-3-15,1.26,176.04,0,0.89,0.89
WNF,2016,G,1,G1,A,1,15,15,WNF-G-1-A-1-15,1.26,173.32,0.99,0.89,0.89
FRF,2016,G,1,G1,B,5,15,15,FRF-G-1-B-5-15,1.51,70.85,351.9,0.89,0.89
ORG,2016,H,3,H3,B,3,15,15,ORG-H-3-B-3-15,1.44,102.6,250.07,0.894567341,0.89
WNF,2016,H,4,H4,C,3,15,15,WNF-H-4-C-3-15,1.27,177.88,0,0.9,0.9
ORG,2016,G,2,G2,A,2,15,16,ORG-G-2-A-2-15,1.38,4.43,208.42,0.900221994,0.9
WNF,2016,G,2,G2,A,5,15,15,WNF-G-2-A-5-15,1.3,199.81,3.7,0.9,0.9
ORG,2016,G,2,G2,B,2,15,15,ORG-G-2-B-2-15,1.42,105.68,212.49,0.906496771,0.91
WNF,2016,G,1,G1,C,1,15,15,WNF-G-1-C-1-15,1.4,298.08,0,0.91,0.91
FRF,2016,G,1,G1,A,3,15,15,FRF-G-1-A-3-15,1.28,128.58,47.85,0.91,0.91
ORG,2016,H,3,H3,B,4,15,15,ORG-H-3-B-4-15,1.57,151.67,314.02,0.908537114,0.91
WNF,2016,G,2,G2,C,2,15,15,WNF-G-2-C-2-15,1.27,162.71,0,0.91,0.91
FRF,2016,G,2,G2,A,2,15,15,FRF-G-2-A-2-15,1.25,136.88,4.95,0.91,0.91
FRF,2016,H,4,H4,C,1,15,15,FRF-H-4-C-1-15,1.27,79.68,78.31,0.91,0.91
ORG,2016,G,2,G2,A,3,15,15,ORG-G-2-A-3-15,1.26,51.32,89.73,0.920581724,0.92
FRF,2016,G,1,G1,A,2,15,15,FRF-G-1-A-2-15,1.5,94.83,283.94,0.92,0.92
FRF,2016,G,1,G1,B,3,15,15,FRF-G-1-B-3-15,1.32,79.3,118.31,0.92,0.92
ORG,2016,H,4,H4,C,1,15,15,ORG-H-4-C-1-15,1.17,27.38,20.12,0.923502378,0.92
ORG,2016,H,3,H3,C,3,15,15,ORG-H-3-C-3-15,1.3,126.21,50.11,0.924473187,0.92
FRF,2016,H,4,H4,B,2,15,14,FRF-H-4-B-2-15,1.2,150.06,0.64,0.92,0.92
WNF,2016,G,2,G2,B,5,15,15,WNF-G-2-B-5-15,1.27,141.1,3.88,0.93,0.93
WNF,2016,H,3,H3,C,5,15,15,WNF-H-3-C-5-15,1.32,194.96,0,0.93,0.93
WNF,2016,G,2,G2,B,2,15,15,WNF-G-2-B-2-15,1.31,174.58,3.99,0.93,0.93
ORG,2016,G,1,G1,C,5,15,15,ORG-G-1-C-5-15,1.35,194.43,21.66,0.932889605,0.93
WNF,2016,G,2,G2,C,5,15,15,WNF-G-2-C-5-15,1.26,120.14,0,0.94,0.94
WNF,2016,H,3,H3,B,1,15,15,WNF-H-3-B-1-15,1.4,249.62,5.52,0.94,0.94
WNF,2016,H,4,H4,A,2,15,15,WNF-H-4-A-2-15,1.33,183.33,0.76,0.94,0.94
FRF,2016,G,2,G2,B,4,15,15,FRF-G-2-B-4-15,1.2,35.65,18.4,0.94,0.94
WNF,2016,G,1,G1,C,5,15,15,WNF-G-1-C-5-15,1.44,286.75,0,0.95,0.95
ORG,2016,H,3,H3,A,2,15,15,ORG-H-3-A-2-15,1.31,49.48,106.2,0.949681305,0.95
WNF,2016,H,4,H4,A,4,15,15,WNF-H-4-A-4-15,1.36,205.33,0,0.95,0.95
WNF,2016,H,4,H4,C,5,15,15,WNF-H-4-C-5-15,1.24,81.02,0,0.95,0.95
FRF,2016,H,4,H4,B,3,15,15,FRF-H-4-B-3-15,1.49,110.34,215.75,0.96,0.96
ORG,2016,H,3,H3,A,4,15,15,ORG-H-3-A-4-15,1.61,233.9,204.06,0.96425989,0.96
WNF,2016,G,1,G1,C,4,15,15,WNF-G-1-C-4-15,1.49,317.76,0,0.96,0.96
WNF,2016,G,2,G2,C,4,15,15,WNF-G-2-C-4-15,1.25,74.34,0.4,0.97,0.97
ORG,2016,H,4,H4,B,4,15,15,ORG-H-4-B-4-15,1.27,82.59,11.83,0.967172317,0.97
FRF,2016,G,1,G1,A,5,15,15,FRF-G-1-A-5-15,1.51,158.72,175.54,0.97,0.97
ORG,2016,G,2,G2,B,5,15,15,ORG-G-2-B-5-15,1.45,136.34,136.95,0.968101989,0.97
ORG,2016,H,4,H4,C,3,15,15,ORG-H-4-C-3-15,1.26,41.71,40.07,0.969344295,0.97
FRF,2016,H,3,H3,C,2,15,15,FRF-H-3-C-2-15,1.36,171.73,9.88,0.97,0.97
ORG,2016,G,1,G1,A,4,15,15,ORG-G-1-A-4-15,1.38,133.15,64.27,0.972931351,0.97
FRF,2016,G,1,G1,A,4,15,15,FRF-G-1-A-4-15,1.45,142.68,123.22,0.97,0.97
ORG,2016,H,3,H3,B,2,15,15,ORG-H-3-B-2-15,1.39,0,203.33,0.976296273,0.98
ORG,2016,H,3,H3,A,5,15,15,ORG-H-3-A-5-15,1.44,0,253.25,0.976362091,0.98
WNF,2016,G,1,G1,B,3,15,15,WNF-G-1-B-3-15,1.49,296.29,5.74,0.98,0.98
WNF,2016,H,4,H4,B,3,15,15,WNF-H-4-B-3-15,1.37,180.61,0.59,0.98,0.98
FRF,2016,H,3,H3,C,4,15,15,FRF-H-3-C-4-15,1.31,106.87,14,0.98,0.98
FRF,2016,G,2,G2,B,1,15,15,FRF-G-2-B-1-15,1.31,57.05,58.4,0.98,0.98
FRF,2016,H,4,H4,B,1,15,16,FRF-H-4-B-1-15,1.41,65.29,67.75,0.98,0.98
WNF,2016,G,2,G2,A,1,15,15,WNF-G-2-A-1-15,1.45,245.3,1.52,0.99,0.99
WNF,2016,H,3,H3,C,4,15,15,WNF-H-3-C-4-15,1.4,196.09,0,0.99,0.99
FRF,2016,G,2,G2,C,2,15,15,FRF-G-2-C-2-15,1.29,69.74,11.23,0.99,0.99
FRF,2016,H,4,H4,A,5,15,14,FRF-H-4-A-5-15,1.49,119,241.03,1,1
WNF,2016,G,2,G2,B,4,15,15,WNF-G-2-B-4-15,1.35,138.75,0,1,1
WNF,2016,G,2,G2,B,3,15,15,WNF-G-2-B-3-15,1.41,192.3,6.17,1,1
ORG,2016,G,2,G2,C,2,15,15,ORG-G-2-C-2-15,1.38,137.7,29.32,0.997942017,1
WNF,2016,H,4,H4,C,2,15,15,WNF-H-4-C-2-15,1.41,195.32,0,1,1
FRF,2016,H,4,H4,C,3,15,15,FRF-H-4-C-3-15,1.41,136.15,58.28,1,1
FRF,2016,H,3,H3,C,5,15,15,FRF-H-3-C-5-15,1.33,96.04,18.22,1,1
FRF,2016,H,4,H4,A,3,15,15,FRF-H-4-A-3-15,1.3,78.96,3.23,1,1
FRF,2016,G,2,G2,B,5,15,15,FRF-G-2-B-5-15,1.35,90,41.04,1,1
WNF,2016,H,3,H3,C,2,15,15,WNF-H-3-C-2-15,1.44,140.09,77.38,1.01,1.01
WNF,2016,G,1,G1,B,5,15,15,WNF-G-1-B-5-15,1.45,225.92,0.67,1.01,1.01
WNF,2016,G,1,G1,C,3,15,15,WNF-G-1-C-3-15,1.48,256.12,0,1.01,1.01
WNF,2016,H,3,H3,C,1,15,15,WNF-H-3-C-1-15,1.4,175,0,1.01,1.01
FRF,2016,G,1,G1,A,1,15,15,FRF-G-1-A-1-15,1.33,60.56,38.04,1.01,1.01
WNF,2016,G,1,G1,A,5,15,15,WNF-G-1-A-5-15,1.37,118.05,19.74,1.01,1.01
WNF,2016,H,4,H4,C,1,15,15,WNF-H-4-C-1-15,1.45,217.63,0,1.01,1.01
ORG,2016,G,1,G1,A,1,15,15,ORG-G-1-A-1-15,1.33,79.72,15.77,1.015655163,1.02
FRF,2016,H,3,H3,A,5,15,14,FRF-H-3-A-5-15,1.23,71.51,5.49,1.02,1.02
WNF,2016,H,4,H4,A,3,15,15,WNF-H-4-A-3-15,1.43,193.02,0.87,1.02,1.02
WNF,2016,G,2,G2,A,4,15,15,WNF-G-2-A-4-15,1.39,147.97,5.59,1.02,1.02
WNF,2016,H,3,H3,A,4,15,15,WNF-H-3-A-4-15,1.29,52.58,0.52,1.02,1.02
WNF,2016,H,4,H4,A,1,15,15,WNF-H-4-A-1-15,1.42,182.45,0,1.02,1.02
FRF,2016,H,4,H4,A,4,15,15,FRF-H-4-A-4-15,1.35,76.54,35.5,1.02,1.02
FRF,2016,G,2,G2,C,1,15,17,FRF-G-2-C-1-15,1.59,80.97,105.22,1.02,1.02
FRF,2016,G,1,G1,C,4,15,15,FRF-G-1-C-4-15,1.36,83.03,38.1,1.02,1.02
ORG,2016,H,3,H3,A,3,15,15,ORG-H-3-A-3-15,1.41,0,168.84,1.021126246,1.02
FRF,2016,G,2,G2,C,3,15,15,FRF-G-2-C-3-15,1.31,26.48,35.27,1.03,1.03
WNF,2016,H,3,H3,B,3,15,15,WNF-H-3-B-3-15,1.34,83.23,3.63,1.03,1.03
WNF,2016,H,3,H3,B,5,15,15,WNF-H-3-B-5-15,1.33,76.15,0,1.03,1.03
FRF,2016,H,3,H3,B,4,15,15,FRF-H-3-B-4-15,1.35,69.38,18.57,1.04,1.04
FRF,2016,H,3,H3,B,3,15,15,FRF-H-3-B-3-15,1.39,57.63,69.9,1.04,1.04
WNF,2016,G,1,G1,C,2,15,15,WNF-G-1-C-2-15,1.53,251.15,15.27,1.04,1.04
ORG,2016,H,3,H3,B,5,15,15,ORG-H-3-B-5-15,1.41,0,145.23,1.040550648,1.04
FRF,2016,H,3,H3,A,3,15,15,FRF-H-3-A-3-15,1.38,105.13,10.01,1.04,1.04
WNF,2016,H,3,H3,A,2,15,15,WNF-H-3-A-2-15,1.36,89.3,4.75,1.04,1.04
ORG,2016,H,4,H4,A,4,15,15,ORG-H-4-A-4-15,1.37,66.72,35.38,1.043125759,1.04
FRF,2016,H,3,H3,C,1,15,15,FRF-H-3-C-1-15,1.35,65.64,12.88,1.05,1.05
WNF,2016,H,4,H4,A,5,15,15,WNF-H-4-A-5-15,1.38,107.35,0,1.05,1.05
FRF,2016,H,4,H4,C,2,15,15,FRF-H-4-C-2-15,1.38,64.89,42.1,1.05,1.05
ORG,2016,H,4,H4,A,3,15,15,ORG-H-4-A-3-15,1.4,27.93,98.96,1.047412127,1.05
WNF,2016,G,2,G2,C,1,15,15,WNF-G-2-C-1-15,1.38,103.35,2.68,1.05,1.05
WNF,2016,H,4,H4,B,5,15,15,WNF-H-4-B-5-15,1.38,98.9,0,1.05,1.05
FRF,2016,G,1,G1,C,1,15,15,FRF-G-1-C-1-15,1.43,74.1,73.16,1.06,1.06
FRF,2016,G,2,G2,A,1,15,15,FRF-G-2-A-1-15,1.45,109.36,54.17,1.06,1.06
FRF,2016,H,3,H3,A,2,15,14,FRF-H-3-A-2-15,1.24,33.53,5.64,1.06,1.06
FRF,2016,H,3,H3,B,1,15,15,FRF-H-3-B-1-15,1.34,21.41,29.61,1.06,1.06
ORG,2016,G,2,G2,B,4,15,15,ORG-G-2-B-4-15,1.51,48.12,169.13,1.063570333,1.06
WNF,2016,G,1,G1,A,2,15,15,WNF-G-1-A-2-15,1.46,66.37,95,1.07,1.07
FRF,2016,G,1,G1,B,4,15,15,FRF-G-1-B-4-15,1.51,40.5,170.76,1.07,1.07
FRF,2016,H,4,H4,B,5,15,15,FRF-H-4-B-5-15,1.52,94.72,123.35,1.07,1.07
FRF,2016,H,4,H4,A,1,15,14,FRF-H-4-A-1-15,1.29,66.42,7.44,1.07,1.07
FRF,2016,G,1,G1,B,1,15,15,FRF-G-1-B-1-15,1.4,38.6,55.3,1.07,1.07
ORG,2016,H,4,H4,C,2,15,14,ORG-H-4-C-2-15,1.3,4.04,74.43,1.076760286,1.08
WNF,2016,H,3,H3,B,2,15,15,WNF-H-3-B-2-15,1.37,60.3,0,1.08,1.08
FRF,2016,H,4,H4,C,4,15,15,FRF-H-4-C-4-15,1.47,90.84,66.3,1.08,1.08
FRF,2016,G,2,G2,A,5,15,15,FRF-G-2-A-5-15,1.46,136.84,9.66,1.08,1.08
WNF,2016,H,3,H3,A,1,15,15,WNF-H-3-A-1-15,1.39,76.18,0,1.08,1.08
FRF,2016,H,3,H3,B,2,15,14,FRF-H-3-B-2-15,1.3,61.98,10.98,1.08,1.08
FRF,2016,H,4,H4,A,2,15,15,FRF-H-4-A-2-15,1.48,57.43,102.33,1.09,1.09
FRF,2016,G,2,G2,A,3,15,15,FRF-G-2-A-3-15,1.4,60.66,18.21,1.09,1.09
ORG,2016,G,2,G2,B,3,15,15,ORG-G-2-B-3-15,1.44,57.36,59.24,1.088786679,1.09
WNF,2016,H,3,H3,C,3,15,15,WNF-H-3-C-3-15,1.51,183.05,0,1.09,1.09
FRF,2016,H,4,H4,B,4,15,15,FRF-H-4-B-4-15,1.48,57.12,94.07,1.09,1.09
ORG,2016,G,2,G2,A,5,15,15,ORG-G-2-A-5-15,1.47,18.7,114.31,1.099967433,1.1
ORG,2016,H,3,H3,A,1,15,15,ORG-H-3-A-1-15,1.73,237,150.37,1.10460757,1.1
ORG,2016,G,2,G2,B,1,15,15,ORG-G-2-B-1-15,1.49,41.03,102.14,1.108062991,1.11
FRF,2016,G,2,G2,B,3,15,15,FRF-G-2-B-3-15,1.46,47.55,63.04,1.11,1.11
FRF,2016,H,3,H3,C,3,15,15,FRF-H-3-C-3-15,1.42,55.99,12.71,1.11,1.11
ORG,2016,G,2,G2,A,1,15,15,ORG-G-2-A-1-15,1.62,213.53,48.33,1.117367946,1.12
WNF,2016,G,1,G1,A,3,15,15,WNF-G-1-A-3-15,1.56,128.46,72.64,1.12,1.12
FRF,2016,H,3,H3,A,1,15,15,FRF-H-3-A-1-15,1.41,46.33,4.11,1.12,1.12
FRF,2016,H,3,H3,A,4,15,15,FRF-H-3-A-4-15,1.41,46.11,0,1.12,1.12
ORG,2016,H,4,H4,A,2,15,15,ORG-H-4-A-2-15,1.53,38.25,120.37,1.128260749,1.13
ORG,2016,H,4,H4,B,5,15,15,ORG-H-4-B-5-15,1.63,52.14,205.5,1.129067014,1.13
WNF,2016,H,4,H4,B,2,15,15,WNF-H-4-B-2-15,1.57,188.8,0,1.14,1.14
ORG,2016,H,3,H3,C,2,15,15,ORG-H-3-C-2-15,1.49,39.4,69.37,1.136364534,1.14
FRF,2016,G,2,G2,A,4,15,15,FRF-G-2-A-4-15,1.52,61.29,65.95,1.15,1.15
ORG,2016,G,2,G2,C,4,15,15,ORG-G-2-C-4-15,1.56,85.19,77.39,1.149684359,1.15
ORG,2016,H,4,H4,C,5,15,15,ORG-H-4-C-5-15,1.51,31.83,74.02,1.155221259,1.16
ORG,2016,G,2,G2,C,1,15,15,ORG-G-2-C-1-15,1.47,38.19,23.24,1.158857679,1.16
ORG,2016,H,4,H4,B,1,15,15,ORG-H-4-B-1-15,1.5,41.94,48.98,1.159277265,1.16
ORG,2016,H,3,H3,B,1,15,15,ORG-H-3-B-1-15,1.57,0,159.63,1.160338573,1.16
ORG,2016,G,2,G2,C,5,15,15,ORG-G-2-C-5-15,1.58,98.34,66.66,1.164147764,1.16
WNF,2016,H,3,H3,A,5,15,15,WNF-H-3-A-5-15,1.58,164.85,0,1.16,1.16
ORG,2016,H,3,H3,C,5,15,15,ORG-H-3-C-5-15,1.54,111.65,10.9,1.166163426,1.17
ORG,2016,H,4,H4,A,5,15,15,ORG-H-4-A-5-15,1.68,247.18,10.44,1.170219432,1.17
FRF,2016,G,2,G2,B,2,15,15,FRF-G-2-B-2-15,1.47,1.53,44.97,1.17,1.17
ORG,2016,H,3,H3,C,1,15,15,ORG-H-3-C-1-15,1.55,59.01,62.2,1.175493062,1.18
FRF,2016,G,2,G2,C,4,15,15,FRF-G-2-C-4-15,1.57,70.7,44.69,1.2,1.2
ORG,2016,G,2,G2,C,3,15,15,ORG-G-2-C-3-15,1.63,17.06,136.92,1.214350093,1.21
WNF,2016,G,1,G1,B,2,15,15,WNF-G-1-B-2-15,1.66,175.67,4.32,1.22,1.22
ORG,2016,H,4,H4,C,4,15,15,ORG-H-4-C-4-15,1.6,49.25,51.5,1.233461862,1.23
FRF,2016,H,3,H3,B,5,15,15,FRF-H-3-B-5-15,1.65,55.01,75.2,1.25,1.25
ORG,2016,H,4,H4,B,3,15,15,ORG-H-4-B-3-15,1.76,34.95,68.58,1.362809785,1.36
ORG,2016,H,4,H4,A,1,15,15,ORG-H-4-A-1-15,1.84,61.58,60.52,1.41334943,1.41
WNF,2016,G,1,G1,A,3,30,14,WNF-G-1-A-3-29,1.71,3.91,297.66,1.24,1.24
ORG,2016,G,2,G2,A,2,30,15,ORG-G-2-A-2-30,0.6,0,119.89,0.394995748,0.39
FRF,2016,H,3,H3,B,2,30,15,FRF-H-3-B-2-30,2.13,0,1524.83,0.5,0.5
ORG,2016,G,1,G1,B,5,30,15,ORG-G-1-B-5-30,1.45,175.37,322.48,0.783352151,0.78
ORG,2016,H,4,H4,A,4,30,15,ORG-H-4-A-4-30,1.12,0,165.61,0.785195042,0.79
ORG,2016,H,4,H4,A,1,30,15,ORG-H-4-A-1-30,1.15,5.49,153.49,0.815331248,0.82
FRF,2016,G,2,G2,B,5,30,15,FRF-G-2-B-5-30,1.25,0,218.67,0.85,0.85
ORG,2016,G,1,G1,A,4,30,9,ORG-G-1-A-4-30,1.05,7.34,349.39,0.950610978,0.95
FRF,2016,H,4,H4,B,1,30,5,FRF-H-4-B-1-30,0.47,0,69.52,0.99,0.99
ORG,2016,G,1,G1,A,3,30,15,ORG-G-1-A-3-30,1.65,0,415,1.016058295,1.02
ORG,2016,H,4,H4,C,5,30,15,ORG-H-4-C-5-30,1.37,0,94.08,1.049723968,1.05
ORG,2016,G,1,G1,B,4,30,15,ORG-G-1-B-4-30,1.67,0,393,1.050612505,1.05
ORG,2016,G,2,G2,A,1,30,15,ORG-G-2-A-1-30,1.49,0,197.35,1.063488061,1.06
ORG,2016,H,3,H3,A,3,30,15,ORG-H-3-A-3-30,1.54,0,216.29,1.089041722,1.09
ORG,2016,G,1,G1,B,2,30,15,ORG-G-1-B-2-30,1.79,0,420.5,1.126714037,1.13
WNF,2016,H,3,H3,C,1,30,15,WNF-H-3-C-1-30,1.39,0.71,2.29,1.14,1.14
FRF,2016,G,2,G2,B,2,30,15,FRF-G-2-B-2-30,1.83,0,409.72,1.17,1.17
FRF,2016,G,2,G2,A,3,30,15,FRF-G-2-A-3-30,2.19,0,762.07,1.17,1.17
ORG,2016,G,2,G2,B,3,30,15,ORG-G-2-B-3-30,1.64,0,208.58,1.177656814,1.18
ORG,2016,G,1,G1,A,1,30,15,ORG-G-1-A-1-30,1.81,0,356.73,1.19563323,1.2
FRF,2016,G,2,G2,C,1,30,15,FRF-G-2-C-1-30,1.75,0,287.89,1.2,1.2
WNF,2016,H,4,H4,C,1,30,15,WNF-H-4-C-1-30,1.47,0,2.77,1.21,1.21
FRF,2016,H,4,H4,B,3,30,15,FRF-H-4-B-3-30,2,0,520.28,1.22,1.22
FRF,2016,H,3,H3,C,4,30,17,FRF-H-3-C-4-30,1.85,0,167.61,1.22,1.22
FRF,2016,G,1,G1,B,4,30,15,FRF-G-1-B-4-30,1.58,5.55,86.01,1.22,1.22
FRF,2016,H,3,H3,B,5,30,13,FRF-H-3-B-5-30,1.91,0,618.31,1.23,1.23
FRF,2016,H,4,H4,A,1,30,15,FRF-H-4-A-1-30,1.79,0,299.31,1.23,1.23
FRF,2016,G,1,G1,A,1,30,15,FRF-G-1-A-1-30,1.98,3.79,484.01,1.23,1.23
FRF,2016,G,1,G1,B,3,30,15,FRF-G-1-B-3-30,1.67,4.32,162.67,1.24,1.24
WNF,2016,H,4,H4,B,2,30,15,WNF-H-4-B-2-30,1.51,3,0,1.24,1.24
FRF,2016,G,1,G1,A,3,30,15,FRF-G-1-A-3-30,1.73,8.13,209.98,1.24,1.24
ORG,2016,H,4,H4,B,3,30,15,ORG-H-4-B-3-30,1.93,0,416.85,1.24489766,1.24
FRF,2016,H,3,H3,C,1,30,15,FRF-H-3-C-1-30,1.66,2.15,143.06,1.25,1.25
FRF,2016,G,2,G2,C,4,30,15,FRF-G-2-C-4-30,1.56,0,41.01,1.25,1.25
ORG,2016,H,4,H4,B,2,30,15,ORG-H-4-B-2-30,1.78,0,256.83,1.253141307,1.25
FRF,2016,H,4,H4,B,4,30,15,FRF-H-4-B-4-30,1.7,0,171.02,1.26,1.26
ORG,2016,G,1,G1,B,1,30,15,ORG-G-1-B-1-30,1.88,0,348.34,1.260126193,1.26
ORG,2016,G,1,G1,A,2,30,15,ORG-G-1-A-2-30,1.95,0,404.2,1.271759444,1.27
FRF,2016,H,3,H3,B,1,30,15,FRF-H-3-B-1-30,1.66,0,113.47,1.27,1.27
FRF,2016,G,2,G2,A,5,30,14,FRF-G-2-A-5-30,1.7,0,254.83,1.27,1.27
ORG,2016,H,4,H4,B,5,30,15,ORG-H-4-B-5-30,2.1,0,549.76,1.275412317,1.28
FRF,2016,G,1,G1,B,1,30,15,FRF-G-1-B-1-30,1.79,6.16,232.65,1.28,1.28
FRF,2016,G,1,G1,A,5,30,15,FRF-G-1-A-5-30,1.72,2.95,162.5,1.28,1.28
FRF,2016,G,1,G1,B,2,30,15,FRF-G-1-B-2-30,1.67,8.24,101.62,1.28,1.28
ORG,2016,G,1,G1,B,3,30,15,ORG-G-1-B-3-30,1.9,0,338.35,1.284799544,1.28
ORG,2016,H,4,H4,C,3,30,15,ORG-H-4-C-3-30,1.74,0,175.61,1.287053795,1.29
FRF,2016,G,1,G1,A,4,30,15,FRF-G-1-A-4-30,1.71,4.26,140.29,1.29,1.29
FRF,2016,H,3,H3,C,2,30,15,FRF-H-3-C-2-30,1.64,0,68.59,1.29,1.29
FRF,2016,H,4,H4,A,4,30,15,FRF-H-4-A-4-30,1.72,0,131.56,1.31,1.31
FRF,2016,H,4,H4,A,5,30,14.5,FRF-H-4-A-5-30,1.64,0,90.51,1.32,1.32
FRF,2016,H,3,H3,C,5,30,15,FRF-H-3-C-5-30,1.78,0,168.89,1.33,1.33
ORG,2016,G,2,G2,C,3,30,15,ORG-G-2-C-3-30,1.84,0.7,226.1,1.327210722,1.33
FRF,2016,H,3,H3,A,4,30,15,FRF-H-3-A-4-30,1.69,0,70.81,1.33,1.33
FRF,2016,H,3,H3,A,3,30,15,FRF-H-3-A-3-30,1.72,0,90.73,1.34,1.34
FRF,2016,H,3,H3,B,3,30,7,FRF-H-3-B-3-30,1.21,0,448.85,1.34,1.34
WNF,2016,H,3,H3,A,1,30,15,WNF-H-3-A-1-30,1.64,0,0,1.35,1.35
WNF,2016,H,3,H3,C,5,30,15,WNF-H-3-C-5-30,1.73,0,88.06,1.35,1.35
FRF,2016,H,3,H3,C,3,30,15,FRF-H-3-C-3-30,1.82,0,176.29,1.35,1.35
ORG,2016,G,1,G1,A,5,30,15,ORG-G-1-A-5-30,1.92,0,273.75,1.354401594,1.35
ORG,2016,H,4,H4,C,2,30,15,ORG-H-4-C-2-30,1.88,0,224.65,1.361888339,1.36
ORG,2016,G,2,G2,B,2,30,15,ORG-G-2-B-2-30,1.8,0,142.73,1.36346796,1.36
ORG,2016,G,2,G2,B,5,30,15,ORG-G-2-B-5-30,1.9,2.31,239.49,1.364233089,1.36
FRF,2016,H,4,H4,C,4,30,15,FRF-H-4-C-4-30,1.94,0,280.5,1.37,1.37
FRF,2016,G,2,G2,B,3,30,15,FRF-G-2-B-3-30,1.86,0,194.13,1.37,1.37
FRF,2016,G,1,G1,C,5,30,15,FRF-G-1-C-5-30,1.75,4.8,78.97,1.37,1.37
FRF,2016,G,1,G1,C,4,30,15,FRF-G-1-C-4-30,1.77,6.09,97.65,1.37,1.37
FRF,2016,G,1,G1,C,1,30,15,FRF-G-1-C-1-30,1.73,2.19,60.27,1.37,1.37
FRF,2016,G,1,G1,C,3,30,15,FRF-G-1-C-3-30,1.7,13.44,15.34,1.37,1.37
ORG,2016,H,3,H3,B,3,30,15,ORG-H-3-B-3-30,1.72,0,47.08,1.376343517,1.38
FRF,2016,G,2,G2,A,2,30,15,FRF-G-2-A-2-30,1.81,1.49,133.91,1.38,1.38
FRF,2016,H,4,H4,A,2,30,15,FRF-H-4-A-2-30,1.78,0,101.51,1.38,1.38
FRF,2016,G,1,G1,B,5,30,15,FRF-G-1-B-5-30,1.89,0,207.77,1.38,1.38
FRF,2016,G,2,G2,B,4,30,15,FRF-G-2-B-4-30,2,1.34,314.6,1.39,1.39
ORG,2016,H,4,H4,B,4,30,15,ORG-H-4-B-4-30,1.98,0,287.46,1.392485269,1.39
WNF,2016,H,4,H4,A,1,30,15,WNF-H-4-A-1-30,1.71,0.49,4.21,1.4,1.4
WNF,2016,H,4,H4,C,4,30,15,WNF-H-4-C-4-30,1.71,0,0,1.41,1.41
ORG,2016,G,2,G2,A,4,30,15,ORG-G-2-A-4-30,1.99,0,276.06,1.410091461,1.41
FRF,2016,G,2,G2,C,2,30,15,FRF-G-2-C-2-30,2,2.6,280.02,1.41,1.41
FRF,2016,G,2,G2,A,1,30,14,FRF-G-2-A-1-30,1.83,0,218.16,1.42,1.42
ORG,2016,G,2,G2,C,2,30,15,ORG-G-2-C-2-30,1.82,3.09,89.75,1.42096781,1.42
WNF,2016,G,1,G1,A,5,30,15,WNF-G-1-A-5-30,1.9,6,163.96,1.42,1.42
FRF,2016,H,4,H4,A,3,30,15,FRF-H-4-A-3-30,1.92,0,185.28,1.43,1.43
ORG,2016,G,2,G2,C,5,30,15,ORG-G-2-C-5-30,1.77,0.72,32.88,1.428569736,1.43
WNF,2016,G,1,G1,A,2,30,15,WNF-G-1-A-2-30,1.95,4.81,205.85,1.43,1.43
FRF,2016,G,2,G2,C,3,30,15,FRF-G-2-C-3-30,1.85,0,104.13,1.44,1.44
FRF,2016,H,3,H3,B,4,30,7,FRF-H-3-B-4-30,1.15,0,335.03,1.44,1.44
ORG,2016,H,4,H4,C,4,30,15,ORG-H-4-C-4-30,1.93,0,181.77,1.438302505,1.44
FRF,2016,H,4,H4,C,3,30,15,FRF-H-4-C-3-30,2.02,0,270.2,1.44,1.44
WNF,2016,H,3,H3,A,5,30,15,WNF-H-3-A-5-30,1.76,7.85,1.22,1.44,1.44
FRF,2016,G,2,G2,B,1,30,15,FRF-G-2-B-1-30,2.08,0,321.02,1.45,1.45
ORG,2016,G,2,G2,C,1,30,15,ORG-G-2-C-1-30,1.87,2.63,103.54,1.451136926,1.45
ORG,2016,G,2,G2,A,3,30,15,ORG-G-2-A-3-30,2.16,0,386.05,1.459462845,1.46
FRF,2016,H,4,H4,C,2,30,16,FRF-H-4-C-2-30,2.04,0,147.04,1.46,1.46
WNF,2016,G,2,G2,B,2,30,15,WNF-G-2-B-2-30,1.79,1.1,12.56,1.46,1.46
ORG,2016,H,4,H4,A,3,30,15,ORG-H-4-A-3-30,2.08,0,302.67,1.462243636,1.46
WNF,2016,G,1,G1,A,4,30,15,WNF-G-1-A-4-30,2.42,7.58,625.18,1.47,1.47
WNF,2016,H,4,H4,C,2,30,15,WNF-H-4-C-2-30,1.79,0,0,1.47,1.47
WNF,2016,H,4,H4,C,5,30,15,WNF-H-4-C-5-30,1.79,0,0,1.47,1.47
WNF,2016,G,2,G2,A,5,30,15,WNF-G-2-A-5-30,1.82,0.84,24.77,1.48,1.48
ORG,2016,G,2,G2,A,5,30,15,ORG-G-2-A-5-30,2.18,0,381.56,1.479611239,1.48
FRF,2016,H,4,H4,B,2,30,15,FRF-H-4-B-2-30,1.89,0,91.25,1.48,1.48
ORG,2016,G,1,G1,C,5,30,15,ORG-G-1-C-5-30,1.85,0,47.83,1.482679982,1.48
WNF,2016,H,3,H3,A,2,30,15,WNF-H-3-A-2-30,1.83,0,20.63,1.49,1.49
WNF,2016,G,2,G2,B,5,30,15,WNF-G-2-B-5-30,1.82,3.16,0.89,1.49,1.49
WNF,2016,G,2,G2,B,3,30,15,WNF-G-2-B-3-30,1.82,1.48,0.72,1.5,1.5
WNF,2016,G,1,G1,B,2,30,15,WNF-G-1-B-2-30,1.84,4.57,9.78,1.5,1.5
ORG,2016,G,1,G1,C,3,30,15,ORG-G-1-C-3-30,1.93,0,101.05,1.504712404,1.5
WNF,2016,H,3,H3,B,2,30,15,WNF-H-3-B-2-30,1.85,6.42,9.12,1.51,1.51
FRF,2016,G,2,G2,C,5,30,15,FRF-G-2-C-5-30,1.91,0,70.22,1.51,1.51
ORG,2016,H,4,H4,B,1,30,15,ORG-H-4-B-1-30,2.22,0,377.35,1.515983658,1.52
WNF,2016,G,2,G2,B,1,30,15,WNF-G-2-B-1-30,1.85,2.77,4.38,1.52,1.52
WNF,2016,G,1,G1,C,3,30,15,WNF-G-1-C-3-30,1.85,0.98,4.96,1.52,1.52
FRF,2016,G,2,G2,A,4,30,15,FRF-G-2-A-4-30,2,0.6,152.19,1.52,1.52
WNF,2016,G,1,G1,B,4,30,15,WNF-G-1-B-4-30,1.85,0.64,0.13,1.52,1.52
WNF,2016,G,1,G1,C,5,30,15,WNF-G-1-C-5-30,1.85,0.15,0,1.52,1.52
ORG,2016,G,2,G2,C,4,30,13,ORG-G-2-C-4-30,1.66,3.51,49.87,1.52515065,1.53
WNF,2016,H,3,H3,B,4,30,15,WNF-H-3-B-4-30,1.86,4.9,0,1.53,1.53
WNF,2016,G,2,G2,C,2,30,15,WNF-G-2-C-2-30,1.86,0,1.87,1.53,1.53
FRF,2016,G,1,G1,C,2,30,15,FRF-G-1-C-2-30,1.89,4.24,26.11,1.53,1.53
WNF,2016,H,4,H4,A,3,30,15,WNF-H-4-A-3-30,1.87,0.97,1.93,1.54,1.54
WNF,2016,H,4,H4,B,5,30,15,WNF-H-4-B-5-30,1.88,3.95,7.79,1.54,1.54
WNF,2016,H,3,H3,C,2,30,15,WNF-H-3-C-2-30,1.87,1.36,0,1.54,1.54
WNF,2016,G,2,G2,A,4,30,15,WNF-G-2-A-4-30,1.88,0,6.95,1.54,1.54
FRF,2016,H,3,H3,A,5,30,15,FRF-H-3-A-5-30,1.94,0,66.49,1.54,1.54
WNF,2016,H,4,H4,A,2,30,15,WNF-H-4-A-2-30,1.88,2.77,0,1.54,1.54
WNF,2016,G,1,G1,C,2,30,15,WNF-G-1-C-2-30,1.88,1.15,0,1.55,1.55
ORG,2016,H,3,H3,C,4,30,15,ORG-H-3-C-4-30,2.04,0,158.16,1.548226026,1.55
WNF,2016,H,4,H4,B,4,30,15,WNF-H-4-B-4-30,1.89,4.12,0,1.55,1.55
FRF,2016,G,1,G1,A,2,30,15,FRF-G-1-A-2-30,2.13,2.64,236.73,1.56,1.56
ORG,2016,H,3,H3,C,2,30,15,ORG-H-3-C-2-30,1.95,0,57.25,1.557201894,1.56
ORG,2016,H,4,H4,A,5,30,15,ORG-H-4-A-5-30,2.37,0,476.27,1.558008158,1.56
FRF,2016,H,3,H3,A,1,30,15,FRF-H-3-A-1-30,1.93,0,34.21,1.56,1.56
WNF,2016,G,2,G2,C,5,30,15,WNF-G-2-C-5-30,1.9,0,2.32,1.56,1.56
ORG,2016,H,3,H3,A,2,30,15,ORG-H-3-A-2-30,2.05,0,149.87,1.563273562,1.56
WNF,2016,G,2,G2,C,1,30,15,WNF-G-2-C-1-30,1.91,0.48,8.28,1.56,1.56
ORG,2016,H,3,H3,A,1,30,15,ORG-H-3-A-1-30,2.08,0,171.97,1.569773044,1.57
FRF,2016,H,4,H4,C,5,30,15,FRF-H-4-C-5-30,2.22,0,303.78,1.58,1.58
WNF,2016,H,4,H4,B,1,30,15,WNF-H-4-B-1-30,1.92,0,1.56,1.58,1.58
WNF,2016,G,2,G2,C,3,30,15,WNF-G-2-C-3-30,1.93,0.23,5.73,1.58,1.58
ORG,2016,G,2,G2,B,1,30,15,ORG-G-2-B-1-30,2.11,0,184.63,1.584038996,1.58
ORG,2016,H,3,H3,A,5,30,15,ORG-H-3-A-5-30,2.13,0,190.1,1.595993107,1.6
WNF,2016,H,3,H3,B,1,30,15,WNF-H-3-B-1-30,1.94,0,0,1.6,1.6
WNF,2016,G,2,G2,A,3,30,15,WNF-G-2-A-3-30,1.95,0,3.17,1.6,1.6
WNF,2016,H,3,H3,B,5,30,15,WNF-H-3-B-5-30,1.95,0,0,1.6,1.6
ORG,2016,G,1,G1,C,1,30,15,ORG-G-1-C-1-30,2.07,0,119.25,1.604919611,1.6
WNF,2016,H,3,H3,C,4,30,15,WNF-H-3-C-4-30,1.96,1.71,3.43,1.61,1.61
WNF,2016,G,2,G2,A,2,30,15,WNF-G-2-A-2-30,1.96,0.97,2.62,1.61,1.61
ORG,2016,G,1,G1,C,4,30,15,ORG-G-1-C-4-30,2.14,0,172.29,1.61887293,1.62
WNF,2016,H,4,H4,A,4,30,15,WNF-H-4-A-4-30,1.97,1.14,0,1.62,1.62
WNF,2016,H,3,H3,A,3,30,15,WNF-H-3-A-3-30,1.97,1,0,1.62,1.62
WNF,2016,H,3,H3,C,3,30,15,WNF-H-3-C-3-30,1.98,3.4,4.18,1.62,1.62
FRF,2016,H,3,H3,A,2,30,15,FRF-H-3-A-2-30,2.12,3.55,142.92,1.62,1.62
ORG,2016,H,3,H3,B,1,30,15,ORG-H-3-B-1-30,2.07,0,86.36,1.631978848,1.63
WNF,2016,H,4,H4,C,3,30,15,WNF-H-4-C-3-30,1.99,0,0,1.64,1.64
WNF,2016,G,2,G2,B,4,30,15,WNF-G-2-B-4-30,2,0.27,3.14,1.64,1.64
WNF,2016,H,4,H4,B,3,30,15,WNF-H-4-B-3-30,2,1.59,1.34,1.64,1.64
ORG,2016,H,3,H3,C,5,30,15,ORG-H-3-C-5-30,2.06,0,58.48,1.646689068,1.65
WNF,2016,H,4,H4,A,5,30,15,WNF-H-4-A-5-30,2.1,0,93.38,1.65,1.65
ORG,2016,G,1,G1,C,2,30,15,ORG-G-1-C-2-30,2.11,0,102.3,1.651773473,1.65
WNF,2016,G,2,G2,C,4,30,15,WNF-G-2-C-4-30,2.02,0,2.43,1.66,1.66
WNF,2016,G,1,G1,C,4,30,15,WNF-G-1-C-4-30,2.03,0,2.66,1.67,1.67
WNF,2016,H,3,H3,B,3,30,15,WNF-H-3-B-3-30,2.05,1.22,4.07,1.68,1.68
WNF,2016,G,1,G1,B,3,30,15,WNF-G-1-B-3-30,2.06,0.49,1.49,1.69,1.69
ORG,2016,H,3,H3,C,3,30,15,ORG-H-3-C-3-30,2.14,0,70.71,1.702444753,1.7
WNF,2016,G,1,G1,C,1,30,15,WNF-G-1-C-1-30,2.08,1.09,0,1.71,1.71
WNF,2016,G,1,G1,B,5,30,15,WNF-G-1-B-5-30,2.1,1.44,0,1.73,1.73
WNF,2016,G,1,G1,A,1,30,15,WNF-G-1-A-1-30,2.19,3.48,87.76,1.73,1.73
WNF,2016,H,3,H3,A,4,30,15,WNF-H-3-A-4-30,2.1,0,0,1.73,1.73
FRF,2016,H,4,H4,C,1,30,7,FRF-H-4-C-1-30,1.04,0,58.59,1.73,1.73
WNF,2016,G,2,G2,A,1,30,15,WNF-G-2-A-1-30,2.12,7.5,5.18,1.73,1.73
ORG,2016,H,3,H3,B,4,30,16,ORG-H-3-B-4-30,2.31,0,28.03,1.760081894,1.76
ORG,2016,G,2,G2,B,4,30,15,ORG-G-2-B-4-30,2.17,0,21.1,1.767941434,1.77
ORG,2016,H,3,H3,B,5,30,15,ORG-H-3-B-5-30,2.25,0,53.59,1.807028826,1.81
FRF,2016,H,4,H4,B,5,30,15,FRF-H-4-B-5-30,2.51,0,197.59,1.9,1.9
ORG,2016,H,4,H4,C,1,30,15,ORG-H-4-C-1-30,2.43,0,105.52,1.912394483,1.91
ORG,2016,H,3,H3,B,2,30,15,ORG-H-3-B-2-30,2.49,0,84.94,1.978689202,1.98
WNF,2016,G,1,G1,B,1,30,15,WNF-G-1-B-1-30,2.48,1.31,6.24,2.03,2.03
ORG,2016,H,3,H3,C,1,30,15,ORG-H-3-C-1-30,2.97,0,76.15,2.380826152,2.38
ORG,2016,H,3,H3,A,4,30,9,ORG-H-3-A-4-30,2.05,0,235.09,2.488602376,2.49
ORG,2016,H,4,H4,A,2,30,8,ORG-H-4-A-2-30,2.03,0,179.3,1.522606548,2.85
WNF,2016,G,2,G2,A,2,50,17,WNF-G-2-A-2-47,2.46,0,0,1.79,1.79
WNF,2016,H,4,H4,C,2,50,19,WNF-H-4-C-2-49,2.7,0,2.6,1.75,1.75
FRF,2016,G,1,G1,B,4,50,20,FRF-G-1-B-4-50,,,,0,0
FRF,2016,H,3,H3,B,2,50,20,FRF-H-3-B-2-50,,,,0,0
FRF,2016,H,3,H3,B,3,50,20,FRF-H-3-B-3-50,,,,0,0
FRF,2016,H,3,H3,B,4,50,20,FRF-H-3-B-4-50,,,,0,0
FRF,2016,H,3,H3,B,5,50,20,FRF-H-3-B-5-50,,,,0,0
FRF,2016,H,4,H4,B,1,50,20,FRF-H-4-B-1-50,,,,0,0
FRF,2016,H,4,H4,C,1,50,20,FRF-H-4-C-1-50,,,,0,0
WNF,2016,G,1,G1,A,3,50,20,WNF-G-1-A-3-50,0,0,0,0,0
ORG,2016,G,1,G1,A,4,50,20,ORG-G-1-A-4-50,,,,0,0
ORG,2016,G,1,G1,B,2,50,20,ORG-G-1-B-2-50,,,,0,0
ORG,2016,G,1,G1,B,5,50,20,ORG-G-1-B-5-50,,,,0,0
ORG,2016,G,2,G2,A,1,50,20,ORG-G-2-A-1-50,,,,0,0
ORG,2016,G,2,G2,A,2,50,20,ORG-G-2-A-2-50,,,,0,0
ORG,2016,H,4,H4,A,3,50,20,ORG-H-4-A-3-50,,,,0,0
ORG,2016,H,4,H4,A,5,50,20,ORG-H-4-A-5-50,,,,0,0
ORG,2016,H,4,H4,B,1,50,20,ORG-H-4-B-1-50,,,,0,0
ORG,2016,H,4,H4,B,5,50,20,ORG-H-4-B-5-50,,,,0,0
ORG,2016,G,1,G1,A,3,50,20,ORG-G-1-A-3-50,0.95,0,595.62,0.218666441,0.22
FRF,2016,H,4,H4,A,2,50,20,FRF-H-4-A-2-50,0.59,0,38.52,0.34,0.34
ORG,2016,G,1,G1,A,2,50,20,ORG-G-1-A-2-50,1.27,1.79,365.87,0.556779378,0.56
FRF,2016,H,4,H4,B,3,50,5,FRF-H-4-B-3-50,0.33,0,94.83,0.58,0.58
FRF,2016,H,4,H4,B,5,50,20,FRF-H-4-B-5-50,1.7,0,402.06,0.8,0.8
ORG,2016,H,3,H3,A,4,50,20,ORG-H-3-A-4-50,2.17,0,584.8,0.978130937,0.98
ORG,2016,H,3,H3,A,2,50,19,ORG-H-3-A-2-50,2.02,0,451.4,1.01882956,1.02
ORG,2016,H,3,H3,B,4,50,20,ORG-H-3-B-4-50,1.97,0,302.16,1.029123077,1.03
FRF,2016,H,4,H4,A,4,50,20,FRF-H-4-A-4-50,1.75,0,65.56,1.04,1.04
FRF,2016,G,1,G1,B,5,50,20,FRF-G-1-B-5-50,2.23,0,489.82,1.07,1.07
FRF,2016,G,2,G2,B,1,50,20,FRF-G-2-B-1-50,2.19,0,379.35,1.12,1.12
FRF,2016,G,2,G2,C,5,50,20,FRF-G-2-C-5-50,2.09,0,272.42,1.12,1.12
ORG,2016,G,1,G1,C,3,50,20,ORG-G-1-C-3-50,1.96,0,90.13,1.153783558,1.15
FRF,2016,G,1,G1,A,4,50,16,FRF-G-1-A-4-50,2.07,0,567.16,1.16,1.16
FRF,2016,G,1,G1,C,2,50,20,FRF-G-1-C-2-50,2.25,0,352.43,1.17,1.17
FRF,2016,H,4,H4,B,2,50,10,FRF-H-4-B-2-50,1.56,0,611.04,1.17,1.17
ORG,2016,G,1,G1,C,4,50,20,ORG-G-1-C-4-50,2.03,0,126.93,1.174269267,1.17
ORG,2016,G,1,G1,A,1,50,20,ORG-G-1-A-1-50,2.25,0,342.3,1.17712616,1.18
FRF,2016,G,1,G1,C,4,50,13,FRF-G-1-C-4-50,1.48,0,237.2,1.18,1.18
FRF,2016,G,1,G1,B,3,50,14,FRF-G-1-B-3-50,1.53,0,188.92,1.18,1.18
FRF,2016,G,1,G1,A,1,50,15,FRF-G-1-A-1-50,1.84,0,391.59,1.19,1.19
ORG,2016,G,1,G1,C,1,50,20,ORG-G-1-C-1-50,2,0,51.55,1.202270518,1.2
FRF,2016,G,2,G2,B,5,50,20,FRF-G-2-B-5-50,2.11,0,159.98,1.2,1.2
FRF,2016,H,3,H3,A,1,50,20,FRF-H-3-A-1-50,2.07,0,89.92,1.22,1.22
FRF,2016,G,2,G2,B,3,50,11,FRF-G-2-B-3-50,1.29,0,188.81,1.24,1.24
FRF,2016,H,3,H3,A,2,50,20,FRF-H-3-A-2-50,2.03,0,16.48,1.24,1.24
ORG,2016,H,3,H3,A,3,50,20,ORG-H-3-A-3-50,2.26,0,235.24,1.249356798,1.25
FRF,2016,H,3,H3,A,4,50,20,FRF-H-3-A-4-50,2.22,0,186,1.26,1.26
FRF,2016,H,3,H3,A,3,50,20,FRF-H-3-A-3-50,2.11,0,71.12,1.26,1.26
FRF,2016,H,3,H3,C,1,50,20,FRF-H-3-C-1-50,2.3,0,258.58,1.26,1.26
ORG,2016,G,1,G1,C,5,50,20,ORG-G-1-C-5-50,2.14,0,90.49,1.264628524,1.26
ORG,2016,G,1,G1,A,5,50,20,ORG-G-1-A-5-50,2.42,0,370.09,1.26487534,1.26
FRF,2016,H,4,H4,C,5,50,20,FRF-H-4-C-5-50,2.38,0,329.22,1.27,1.27
WNF,2016,G,1,G1,A,5,50,20,WNF-G-1-A-5-50,2.53,1.48,461.38,1.28,1.28
ORG,2016,G,2,G2,A,3,50,20,ORG-G-2-A-3-50,3,0,932.28,1.275864813,1.28
FRF,2016,G,1,G1,C,1,50,20,FRF-G-1-C-1-50,2.26,0,183.1,1.28,1.28
FRF,2016,H,3,H3,B,1,50,20,FRF-H-3-B-1-50,2.22,0,124.01,1.29,1.29
FRF,2016,H,3,H3,C,5,50,20,FRF-H-3-C-5-50,2.38,0,273,1.3,1.3
FRF,2016,G,1,G1,B,1,50,12,FRF-G-1-B-1-50,1.41,0,139.73,1.31,1.31
FRF,2016,H,4,H4,B,4,50,20,FRF-H-4-B-4-50,3.28,0,1155.66,1.31,1.31
FRF,2016,G,1,G1,B,2,50,20,FRF-G-1-B-2-50,2.36,0,234.55,1.31,1.31
ORG,2016,H,3,H3,B,1,50,20,ORG-H-3-B-1-50,2.35,0,196.8,1.328609345,1.33
ORG,2016,H,3,H3,C,3,50,20,ORG-H-3-C-3-50,2.35,0,174.64,1.342282939,1.34
FRF,2016,H,3,H3,C,4,50,20,FRF-H-3-C-4-50,2.33,0,139.95,1.35,1.35
FRF,2016,G,1,G1,A,2,50,20,FRF-G-1-A-2-50,2.35,0,154.16,1.35,1.35
FRF,2016,G,1,G1,A,5,50,20,FRF-G-1-A-5-50,2.58,1.34,382.62,1.36,1.36
FRF,2016,G,2,G2,B,2,50,12,FRF-G-2-B-2-50,1.54,0,203.38,1.37,1.37
FRF,2016,H,4,H4,A,1,50,20,FRF-H-4-A-1-50,2.56,0,331.18,1.38,1.38
FRF,2016,G,1,G1,C,5,50,20,FRF-G-1-C-5-50,2.63,0,395.92,1.38,1.38
ORG,2016,H,4,H4,B,4,50,20,ORG-H-4-B-4-50,2.43,0,191,1.38155133,1.38
ORG,2016,H,4,H4,C,5,50,20,ORG-H-4-C-5-50,2.57,1.92,326.77,1.382976691,1.38
ORG,2016,H,3,H3,B,3,50,20,ORG-H-3-B-3-50,2.5,0,255.98,1.384648868,1.38
FRF,2016,H,3,H3,A,5,50,20,FRF-H-3-A-5-50,2.33,0,80.11,1.39,1.39
ORG,2016,G,1,G1,B,1,50,20,ORG-G-1-B-1-50,2.26,0,9.28,1.388783032,1.39
ORG,2016,H,4,H4,C,1,50,20,ORG-H-4-C-1-50,2.36,0,107.2,1.390066474,1.39
ORG,2016,G,2,G2,B,4,50,20,ORG-G-2-B-4-50,2.52,0,264.85,1.391516517,1.39
FRF,2016,H,3,H3,C,3,50,20,FRF-H-3-C-3-50,2.57,0,306.5,1.4,1.4
ORG,2016,H,3,H3,C,1,50,19,ORG-H-3-C-1-50,2.25,0,96.72,1.398588114,1.4
FRF,2016,H,4,H4,C,2,50,19,FRF-H-4-C-2-50,2.26,0,106.3,1.4,1.4
FRF,2016,G,2,G2,C,3,50,20,FRF-G-2-C-3-50,2.34,0,48.84,1.41,1.41
FRF,2016,H,3,H3,C,2,50,20,FRF-H-3-C-2-50,2.43,0,131.33,1.42,1.42
WNF,2016,G,1,G1,A,4,50,20,WNF-G-1-A-4-50,2.5,0.82,199.05,1.42,1.42
ORG,2016,H,4,H4,C,4,50,20,ORG-H-4-C-4-50,2.61,0,298.99,1.425984341,1.43
FRF,2016,G,2,G2,C,2,50,20,FRF-G-2-C-2-50,2.52,0,186.5,1.44,1.44
FRF,2016,G,2,G2,B,4,50,7,FRF-G-2-B-4-50,0.98,0,162.41,1.44,1.44
FRF,2016,G,2,G2,C,1,50,20,FRF-G-2-C-1-50,2.75,0,409.02,1.44,1.44
ORG,2016,G,2,G2,B,2,50,17,ORG-G-2-B-2-50,2.1,0.67,109.33,1.444598243,1.44
ORG,2016,H,3,H3,C,5,50,20,ORG-H-3-C-5-50,2.5,0,142.36,1.45475689,1.45
ORG,2016,G,2,G2,A,5,50,20,ORG-G-2-A-5-50,2.8,0,396.61,1.482986445,1.48
FRF,2016,H,4,H4,A,3,50,20,FRF-H-4-A-3-50,2.57,0,161.69,1.49,1.49
ORG,2016,G,2,G2,B,5,50,20,ORG-G-2-B-5-50,2.58,0.72,160.14,1.492704817,1.49
FRF,2016,G,2,G2,C,4,50,20,FRF-G-2-C-4-50,2.57,0,148.01,1.49,1.49
FRF,2016,G,2,G2,A,4,50,13,FRF-G-2-A-4-50,1.7,0,121.88,1.5,1.5
FRF,2016,G,1,G1,A,3,50,7,FRF-G-1-A-3-50,0.93,0,63.49,1.53,1.53
ORG,2016,H,4,H4,C,2,50,20,ORG-H-4-C-2-50,2.68,3.44,178.18,1.541599023,1.54
ORG,2016,H,3,H3,C,4,50,20,ORG-H-3-C-4-50,2.53,0,29.59,1.542851613,1.54
ORG,2016,H,3,H3,A,1,50,20,ORG-H-3-A-1-50,2.86,0.47,358.82,1.543036725,1.54
FRF,2016,H,4,H4,C,3,50,20,FRF-H-4-C-3-50,2.71,0,204.39,1.55,1.55
ORG,2016,H,4,H4,A,1,50,20,ORG-H-4-A-1-50,2.92,0,410.12,1.548694976,1.55
ORG,2016,H,4,H4,A,2,50,20,ORG-H-4-A-2-50,2.95,0,410.51,1.566965515,1.57
ORG,2016,G,2,G2,A,4,50,20,ORG-G-2-A-4-50,3.04,4.21,495.79,1.567280205,1.57
FRF,2016,H,4,H4,C,4,50,20,FRF-H-4-C-4-50,2.66,0,111.1,1.57,1.57
ORG,2016,H,4,H4,C,3,50,20,ORG-H-4-C-3-50,2.71,0,159.89,1.573518473,1.57
FRF,2016,G,2,G2,A,3,50,14,FRF-G-2-A-3-50,1.93,0,135.97,1.58,1.58
FRF,2016,G,1,G1,C,3,50,13,FRF-G-1-C-3-50,1.72,0,41.46,1.59,1.59
ORG,2016,G,2,G2,B,3,50,20,ORG-G-2-B-3-50,2.68,0.87,89.37,1.597984088,1.6
FRF,2016,H,4,H4,A,5,50,20,FRF-H-4-A-5-50,2.82,0,215.77,1.61,1.61
ORG,2016,H,3,H3,B,2,50,20,ORG-H-3-B-2-50,2.81,0,204.69,1.607579051,1.61
ORG,2016,G,2,G2,C,2,50,20,ORG-G-2-C-2-50,2.69,0.78,66.98,1.618025529,1.62
ORG,2016,H,3,H3,C,2,50,20,ORG-H-3-C-2-50,2.78,0,148.1,1.62398613,1.62
WNF,2016,G,1,G1,A,2,50,20,WNF-G-1-A-2-50,2.76,1.32,114.39,1.63,1.63
ORG,2016,G,2,G2,C,3,50,20,ORG-G-2-C-3-50,2.8,0.17,117.56,1.655066407,1.66
ORG,2016,H,4,H4,A,4,50,20,ORG-H-4-A-4-50,3.06,0,348.7,1.672979063,1.67
ORG,2016,G,1,G1,B,4,50,20,ORG-G-1-B-4-50,2.82,0,101.32,1.677532814,1.68
FRF,2016,G,2,G2,A,2,50,15,FRF-G-2-A-2-50,2.23,0,184.37,1.68,1.68
FRF,2016,G,2,G2,A,5,50,7,FRF-G-2-A-5-50,1.09,0,134.8,1.68,1.68
ORG,2016,G,1,G1,B,3,50,20,ORG-G-1-B-3-50,2.76,0,8.28,1.697919797,1.7
WNF,2016,G,1,G1,C,3,50,20,WNF-G-1-C-3-50,2.76,0.27,5.94,1.7,1.7
WNF,2016,H,3,H3,A,4,50,20,WNF-H-3-A-4-50,2.76,0,0,1.7,1.7
ORG,2016,G,2,G2,C,1,50,20,ORG-G-2-C-1-50,2.87,0.55,100.04,1.708835225,1.71
ORG,2016,G,2,G2,C,4,50,20,ORG-G-2-C-4-50,2.81,0.48,28.24,1.716159483,1.72
ORG,2016,G,1,G1,C,2,50,20,ORG-G-1-C-2-50,3.05,0,243.81,1.731529936,1.73
WNF,2016,H,4,H4,A,5,50,20,WNF-H-4-A-5-50,2.82,0,0,1.74,1.74
ORG,2016,H,4,H4,B,2,50,20,ORG-H-4-B-2-50,2.92,0,93.53,1.744043496,1.74
ORG,2016,H,4,H4,B,3,50,20,ORG-H-4-B-3-50,2.95,0,122.9,1.744432231,1.74
ORG,2016,G,2,G2,C,5,50,20,ORG-G-2-C-5-50,2.9,0.48,70.79,1.745438005,1.75
WNF,2016,H,3,H3,A,3,50,20,WNF-H-3-A-3-50,2.83,0,0,1.75,1.75
WNF,2016,H,4,H4,A,4,50,20,WNF-H-4-A-4-50,2.86,0,0,1.76,1.76
WNF,2016,G,2,G2,A,1,50,20,WNF-G-2-A-1-50,2.88,0,0,1.78,1.78
WNF,2016,H,4,H4,A,2,50,20,WNF-H-4-A-2-50,2.91,0,0,1.8,1.8
WNF,2016,H,3,H3,A,5,50,20,WNF-H-3-A-5-50,2.96,0,0,1.83,1.83
WNF,2016,H,4,H4,C,3,50,20,WNF-H-4-C-3-50,2.97,0,2.5,1.83,1.83
WNF,2016,G,2,G2,B,1,50,20,WNF-G-2-B-1-50,2.99,0,6.37,1.84,1.84
WNF,2016,G,1,G1,A,1,50,20,WNF-G-1-A-1-50,3.01,0,13.91,1.85,1.85
WNF,2016,H,3,H3,C,2,50,20,WNF-H-3-C-2-50,3.01,0,3.24,1.86,1.86
WNF,2016,H,3,H3,C,1,50,20,WNF-H-3-C-1-50,3.01,0,0,1.86,1.86
WNF,2016,H,4,H4,C,1,50,20,WNF-H-4-C-1-50,3.03,0,2.27,1.87,1.87
WNF,2016,H,3,H3,B,1,50,20,WNF-H-3-B-1-50,3.07,0,0,1.89,1.89
WNF,2016,H,3,H3,B,4,50,20,WNF-H-3-B-4-50,3.1,0,0,1.91,1.91
WNF,2016,H,3,H3,B,5,50,20,WNF-H-3-B-5-50,3.1,0,0,1.91,1.91
WNF,2016,G,2,G2,B,5,50,20,WNF-G-2-B-5-50,3.13,0,24.07,1.92,1.92
WNF,2016,H,4,H4,A,3,50,20,WNF-H-4-A-3-50,3.11,0,0,1.92,1.92
ORG,2016,H,3,H3,B,5,50,10,ORG-H-3-B-5-50,1.6,0,41.11,1.923793258,1.92
WNF,2016,H,4,H4,C,5,50,20,WNF-H-4-C-5-50,3.12,0,1.16,1.92,1.92
WNF,2016,H,3,H3,A,2,50,20,WNF-H-3-A-2-50,3.12,0,0,1.93,1.93
WNF,2016,H,3,H3,B,2,50,20,WNF-H-3-B-2-50,3.14,0,0,1.94,1.94
WNF,2016,G,2,G2,B,2,50,20,WNF-G-2-B-2-50,3.15,0,0,1.94,1.94
WNF,2016,H,3,H3,B,3,50,20,WNF-H-3-B-3-50,3.15,0,0,1.94,1.94
WNF,2016,G,1,G1,B,3,50,20,WNF-G-1-B-3-50,3.16,0,0,1.95,1.95
WNF,2016,G,1,G1,C,1,50,20,WNF-G-1-C-1-50,3.16,0,0,1.95,1.95
WNF,2016,G,1,G1,B,1,50,20,WNF-G-1-B-1-50,3.17,0,0,1.96,1.96
WNF,2016,G,1,G1,C,5,50,20,WNF-G-1-C-5-50,3.17,0,0,1.96,1.96
WNF,2016,G,2,G2,C,1,50,20,WNF-G-2-C-1-50,3.18,0,4.08,1.96,1.96
WNF,2016,H,4,H4,C,4,50,20,WNF-H-4-C-4-50,3.21,0,12.06,1.97,1.97
WNF,2016,G,1,G1,C,4,50,20,WNF-G-1-C-4-50,3.2,0.5,0,1.97,1.97
ORG,2016,G,2,G2,B,1,50,10,ORG-G-2-B-1-50,2.04,0,438.3,1.976624176,1.98
WNF,2016,H,3,H3,C,3,50,20,WNF-H-3-C-3-50,3.22,0,12.45,1.98,1.98
WNF,2016,G,1,G1,B,2,50,20,WNF-G-1-B-2-50,3.21,0,0,1.98,1.98
WNF,2016,G,1,G1,B,4,50,20,WNF-G-1-B-4-50,3.21,0,0,1.98,1.98
WNF,2016,G,1,G1,C,2,50,20,WNF-G-1-C-2-50,3.22,0,0,1.99,1.99
WNF,2016,H,4,H4,B,2,50,20,WNF-H-4-B-2-50,3.22,0,0,1.99,1.99
ORG,2016,H,3,H3,A,5,50,10,ORG-H-3-A-5-50,2.01,0,394.27,1.993938303,1.99
WNF,2016,G,2,G2,C,5,50,20,WNF-G-2-C-5-50,3.24,0,0,2,2
WNF,2016,H,4,H4,A,1,50,20,WNF-H-4-A-1-50,3.24,0,0,2,2
WNF,2016,H,4,H4,B,1,50,20,WNF-H-4-B-1-50,3.25,0,1.16,2,2
WNF,2016,G,1,G1,B,5,50,20,WNF-G-1-B-5-50,3.26,0,0,2.01,2.01
WNF,2016,H,3,H3,C,4,50,20,WNF-H-3-C-4-50,3.29,0,3.54,2.03,2.03
WNF,2016,G,2,G2,C,2,50,20,WNF-G-2-C-2-50,3.29,0,1.04,2.03,2.03
WNF,2016,G,2,G2,A,4,50,20,WNF-G-2-A-4-50,3.3,0,0,2.04,2.04
WNF,2016,H,3,H3,A,1,50,20,WNF-H-3-A-1-50,3.31,0,0,2.04,2.04
WNF,2016,G,2,G2,C,4,50,20,WNF-G-2-C-4-50,3.32,0,0,2.05,2.05
WNF,2016,H,4,H4,B,3,50,20,WNF-H-4-B-3-50,3.32,0,0,2.05,2.05
WNF,2016,G,2,G2,B,4,50,20,WNF-G-2-B-4-50,3.33,0,1.38,2.05,2.05
WNF,2016,G,2,G2,B,3,50,20,WNF-G-2-B-3-50,3.33,0,0,2.05,2.05
WNF,2016,G,2,G2,C,3,50,20,WNF-G-2-C-3-50,3.34,0,0,2.06,2.06
WNF,2016,H,4,H4,B,4,50,20,WNF-H-4-B-4-50,3.35,0,0,2.07,2.07
WNF,2016,H,4,H4,B,5,50,20,WNF-H-4-B-5-50,3.36,0,0,2.07,2.07
WNF,2016,H,3,H3,C,5,50,20,WNF-H-3-C-5-50,3.37,0,5.17,2.08,2.08
WNF,2016,G,2,G2,A,3,50,20,WNF-G-2-A-3-50,3.43,0,0,2.12,2.12
FRF,2016,G,2,G2,A,1,50,6,FRF-G-2-A-1-50,1.18,0,119.62,2.18,2.18
WNF,2016,G,2,G2,A,5,50,20,WNF-G-2-A-5-50,3.56,0,0,2.2,2.2
